Nombre	Precio	Categoría	Descripción
PATA MUSLO POR KG	3600	Pata y muslo	precio por kg
PATA DESHUESADA	6000	Pata y muslo	
PATA SIN CADERA	5715	Pata y muslo	
MUSLITO	3900	Pata y muslo	
PATITA	3900	Pata y muslo	
PATA MUSLO FADEL IQF X3KG	10800	Pata y muslo	
PATA DESHUESADA IQF FADEL X3KG	17200	Pata y muslo	
CAJA DE PATA NOELMA CONGELADA X20 KG	59500	Pata y muslo	
CAJA DE PATA MUSLO NOELMA X20KG	59500	Pata y muslo	
CAJA DE PATA MUSLO RESISTIRE X15KG	40500	Pata y muslo	
CAJA DE PATA DESHUESADA FADEL X15 KG	75600	Pata y muslo	
CAJA DE PATA MUSLO FADEL X15KG	46000	Pata y muslo	
CAJA DE PATA MUSLO FADEL X15KG FRACCIONADA	48000	Pata y muslo	
ALITA XKG	3300	Alitas	precio por kg
CAJA DE ALITA FADEL X15KG	40000	Alitas	
CAJA DE ALITA NOELMA X20KG	61000	Alitas	
PECHUGA FRESCA XKG	9950	Pechuga	precio por kg
PECHUGA LIMPIA	10300	Pechuga	
FILET	11100	Pechuga	
PECHUGUIN X15KG	8900	Pechuga	
PECHUGUIN XKG	7000	Pechuga	precio por kg
CAJA DE PECHUGA FADEL CON TENDER X15KG	107800	Pechuga	
CAJA DE PECHUGA FADEL FRACCIONADA X15	109450	Pechuga	
CAJA DE PECHUGA SIN TENDER X15	111150	Pechuga	
CAJA DE PECHUGA NOELMA X20KG	147500	Pechuga	
CAJA DE PECHUGA RESISTIRE X15 KG	102000	Pechuga	
RECORTE NOELMA X20KG	112800	Pechuga	
PECHUGA IQF FADEL X5KG	37050	Pechuga	
CAJA DE MOLIDA FADEL X25KG	91250	Molida y MDM	
CAJA MDM FADEL X25KG	33600	Molida y MDM	
MOLIDA ESPECIAL	5900	Molida y MDM	
MOLIDA FADEL XKG	4700	Molida y MDM	precio por kg
CAJA DE MOLIDA NOELMA 3MM X20 KG	89000	Molida y MDM	
CAJA DE MDM NOELMA X20KG	30250	Molida y MDM	
POLLO XKG	4380	Cajas de pollo	precio por kg
CAJA DE POLLO NOELMA X6X7X8X9	74000	Cajas de pollo	
CAJA DE POLLO NOELMA X7 X8 SIN MENUDOS	78900	Cajas de pollo	
CAJA DE POLLO RESISTIRE X7	64500	Cajas de pollo	
POLLO DESHUESADO XKG	8450	Cajas de pollo	precio por kg
MILANESA ECONOMICA XKG	5900	Elaborados	precio por kg
MILANESA ECONOMICA X5KG O MAS	5800	Elaborados	precio por kg comprando 5 kg o más
MILANESA TRADICIONAL XKG	9000	Elaborados	precio por kg
MILANESA DE PATA MUSLO XKG	6500	Elaborados	precio por kg
HAMBURGUESA COMUN XKG	5750	Elaborados	precio por kg
HAMBURGUESA RELLENA JYQ XKG	6500	Elaborados	precio por kg
